Label,# Samples,Average,Median,90% Line,95% Line,99% Line,Min,Max,Error %,Throughput,Received KB/sec,Sent KB/sec
GET /api/items,500,244,251,270,277,284,183,364,0.000%,16.96353,2645.28,3.11
GET /api/items/296,1,141,141,141,141,141,141,141,0.000%,7.09220,3.29,1.33
POST /api/items,150,182,183,204,207,220,144,287,0.000%,5.25394,2.64,1.56
PUT /api/items/821,1,153,153,153,153,153,153,153,0.000%,6.53595,3.03,1.91
GET /api/items/674,2,165,160,170,170,170,160,170,0.000%,.08775,0.04,0.02
PUT /api/items/721,2,162,162,163,163,163,162,163,0.000%,1.48368,0.69,0.43
GET /api/items/807,1,138,138,138,138,138,138,138,0.000%,7.24638,3.36,1.36
PUT /api/items/146,1,162,162,162,162,162,162,162,0.000%,6.17284,2.86,1.80
GET /api/items/225,2,145,138,153,153,153,138,153,0.000%,1.49365,0.69,0.28
GET /api/items/113,1,151,151,151,151,151,151,151,0.000%,6.62252,3.07,1.24
GET /api/items/400,1,135,135,135,135,135,135,135,0.000%,7.40741,3.44,1.39
GET /api/items/344,1,139,139,139,139,139,139,139,0.000%,7.19424,3.34,1.35
PUT /api/items/796,1,146,146,146,146,146,146,146,0.000%,6.84932,3.18,2.00
PUT /api/items/096,2,164,149,180,180,180,149,180,0.000%,.42744,0.20,0.12
GET /api/items/116,1,156,156,156,156,156,156,156,0.000%,6.41026,2.97,1.20
GET /api/items/716,1,138,138,138,138,138,138,138,0.000%,7.24638,3.36,1.36
GET /api/items/305,1,136,136,136,136,136,136,136,0.000%,7.35294,3.41,1.38
PUT /api/items/379,1,158,158,158,158,158,158,158,0.000%,6.32911,2.94,1.85
PUT /api/items/895,1,162,162,162,162,162,162,162,0.000%,6.17284,2.86,1.80
PUT /api/items/294,1,164,164,164,164,164,164,164,0.000%,6.09756,2.83,1.78
GET /api/items/244,1,143,143,143,143,143,143,143,0.000%,6.99301,3.24,1.31
GET /api/items/826,1,159,159,159,159,159,159,159,0.000%,6.28931,2.92,1.18
PUT /api/items/405,1,149,149,149,149,149,149,149,0.000%,6.71141,3.11,1.96
GET /api/items/444,1,158,158,158,158,158,158,158,0.000%,6.32911,2.94,1.19
GET /api/items/364,2,153,149,158,158,158,149,158,0.000%,.09094,0.04,0.02
PUT /api/items/590,1,171,171,171,171,171,171,171,0.000%,5.84795,2.71,1.71
GET /api/items/106,2,156,137,175,175,175,137,175,0.000%,.25800,0.12,0.05
PUT /api/items/730,2,176,153,199,199,199,153,199,0.000%,.23337,0.11,0.07
GET /api/items/864,1,145,145,145,145,145,145,145,0.000%,6.89655,3.20,1.29
GET /api/items/289,2,151,150,152,152,152,150,152,0.000%,.10356,0.05,0.02
GET /api/items/112,1,169,169,169,169,169,169,169,0.000%,5.91716,2.74,1.11
PUT /api/items/419,1,176,176,176,176,176,176,176,0.000%,5.68182,2.64,1.66
PUT /api/items/424,1,151,151,151,151,151,151,151,0.000%,6.62252,3.07,1.93
GET /api/items/477,1,144,144,144,144,144,144,144,0.000%,6.94444,3.22,1.30
PUT /api/items/505,1,172,172,172,172,172,172,172,0.000%,5.81395,2.70,1.70
GET /api/items/133,1,161,161,161,161,161,161,161,0.000%,6.21118,2.88,1.16
GET /api/items/025,1,152,152,152,152,152,152,152,0.000%,6.57895,3.05,1.23
GET /api/items/308,1,170,170,170,170,170,170,170,0.000%,5.88235,2.73,1.10
PUT /api/items/818,1,153,153,153,153,153,153,153,0.000%,6.53595,3.03,1.91
PUT /api/items/091,2,182,170,194,194,194,170,194,0.000%,.16618,0.08,0.05
GET /api/items/899,1,235,235,235,235,235,235,235,0.000%,4.25532,1.98,0.80
PUT /api/items/036,1,180,180,180,180,180,180,180,0.000%,5.55556,2.57,1.62
GET /api/items/528,2,168,159,177,177,177,159,177,0.000%,.13088,0.06,0.02
GET /api/items/999,1,150,150,150,150,150,150,150,0.000%,6.66667,3.09,1.25
PUT /api/items/414,1,158,158,158,158,158,158,158,0.000%,6.32911,2.94,1.85
GET /api/items/878,1,162,162,162,162,162,162,162,0.000%,6.17284,2.86,1.16
PUT /api/items/724,1,156,156,156,156,156,156,156,0.000%,6.41026,2.97,1.87
GET /api/items/540,1,173,173,173,173,173,173,173,0.000%,5.78035,2.68,1.08
PUT /api/items/823,1,192,192,192,192,192,192,192,0.000%,5.20833,2.42,1.52
GET /api/items/847,1,160,160,160,160,160,160,160,0.000%,6.25000,2.90,1.17
GET /api/items/218,1,155,155,155,155,155,155,155,0.000%,6.45161,2.99,1.21
PUT /api/items/829,1,170,170,170,170,170,170,170,0.000%,5.88235,2.73,1.72
GET /api/items/397,1,187,187,187,187,187,187,187,0.000%,5.34759,2.48,1.00
PUT /api/items/553,1,180,180,180,180,180,180,180,0.000%,5.55556,2.58,1.62
GET /api/items/856,1,163,163,163,163,163,163,163,0.000%,6.13497,2.85,1.15
PUT /api/items/453,2,179,165,193,193,193,165,193,0.000%,.21580,0.10,0.06
GET /api/items/125,1,161,161,161,161,161,161,161,0.000%,6.21118,2.88,1.16
GET /api/items/071,1,179,179,179,179,179,179,179,0.000%,5.58659,2.59,1.05
PUT /api/items/281,2,185,166,205,205,205,166,205,0.000%,.57274,0.27,0.17
GET /api/items/887,1,176,176,176,176,176,176,176,0.000%,5.68182,2.64,1.07
PUT /api/items/916,1,186,186,186,186,186,186,186,0.000%,5.37634,2.49,1.57
GET /api/items/381,1,178,178,178,178,178,178,178,0.000%,5.61798,2.61,1.05
GET /api/items/008,1,173,173,173,173,173,173,173,0.000%,5.78035,2.67,1.08
GET /api/items/402,1,177,177,177,177,177,177,177,0.000%,5.64972,2.62,1.06
GET /api/items/436,2,184,175,193,193,193,175,193,0.000%,.25145,0.12,0.05
PUT /api/items/825,2,193,189,198,198,198,189,198,0.000%,.22720,0.11,0.07
PUT /api/items/695,1,175,175,175,175,175,175,175,0.000%,5.71429,2.65,1.67
GET /api/items/665,1,167,167,167,167,167,167,167,0.000%,5.98802,2.78,1.12
PUT /api/items/397,1,206,206,206,206,206,206,206,0.000%,4.85437,2.25,1.42
GET /api/items/616,1,182,182,182,182,182,182,182,0.000%,5.49451,2.55,1.03
GET /api/items/923,1,165,165,165,165,165,165,165,0.000%,6.06061,2.81,1.14
GET /api/items/316,2,167,161,174,174,174,161,174,0.000%,.40290,0.19,0.08
PUT /api/items/213,1,191,191,191,191,191,191,191,0.000%,5.23560,2.43,1.53
GET /api/items/054,1,182,182,182,182,182,182,182,0.000%,5.49451,2.54,1.03
PUT /api/items/745,1,197,197,197,197,197,197,197,0.000%,5.07614,2.35,1.48
PUT /api/items/269,1,187,187,187,187,187,187,187,0.000%,5.34759,2.48,1.56
GET /api/items/982,1,184,184,184,184,184,184,184,0.000%,5.43478,2.52,1.02
GET /api/items/574,1,173,173,173,173,173,173,173,0.000%,5.78035,2.68,1.08
GET /api/items/898,1,199,199,199,199,199,199,199,0.000%,5.02513,2.33,0.94
PUT /api/items/975,1,181,181,181,181,181,181,181,0.000%,5.52486,2.56,1.61
GET /api/items/939,1,174,174,174,174,174,174,174,0.000%,5.74713,2.67,1.08
PUT /api/items/835,1,209,209,209,209,209,209,209,0.000%,4.78469,2.22,1.40
PUT /api/items/798,1,185,185,185,185,185,185,185,0.000%,5.40541,2.51,1.58
GET /api/items/907,1,198,198,198,198,198,198,198,0.000%,5.05051,2.34,0.95
GET /api/items/047,1,171,171,171,171,171,171,171,0.000%,5.84795,2.71,1.10
GET /api/items/891,1,193,193,193,193,193,193,193,0.000%,5.18135,2.40,0.97
PUT /api/items/106,1,194,194,194,194,194,194,194,0.000%,5.15464,2.39,1.51
GET /api/items/247,1,190,190,190,190,190,190,190,0.000%,5.26316,2.44,0.99
PUT /api/items/278,1,193,193,193,193,193,193,193,0.000%,5.18135,2.40,1.51
PUT /api/items/097,1,186,186,186,186,186,186,186,0.000%,5.37634,2.49,1.57
GET /api/items/555,1,175,175,175,175,175,175,175,0.000%,5.71429,2.65,1.07
GET /api/items/045,2,173,163,184,184,184,163,184,0.000%,.14387,0.07,0.03
GET /api/items/990,1,188,188,188,188,188,188,188,0.000%,5.31915,2.47,1.00
PUT /api/items/059,1,199,199,199,199,199,199,199,0.000%,5.02513,2.33,1.47
GET /api/items/642,1,175,175,175,175,175,175,175,0.000%,5.71429,2.65,1.07
PUT /api/items/260,1,181,181,181,181,181,181,181,0.000%,5.52486,2.56,1.61
PUT /api/items/221,1,200,200,200,200,200,200,200,0.000%,5.00000,2.32,1.46
GET /api/items/710,1,192,192,192,192,192,192,192,0.000%,5.20833,2.42,0.98
GET /api/items/727,1,191,191,191,191,191,191,191,0.000%,5.23560,2.43,0.98
GET /api/items/193,1,191,191,191,191,191,191,191,0.000%,5.23560,2.43,0.98
PUT /api/items/564,1,196,196,196,196,196,196,196,0.000%,5.10204,2.37,1.49
GET /api/items/245,1,196,196,196,196,196,196,196,0.000%,5.10204,2.37,0.96
PUT /api/items/265,1,200,200,200,200,200,200,200,0.000%,5.00000,2.32,1.46
PUT /api/items/873,1,193,193,193,193,193,193,193,0.000%,5.18135,2.40,1.51
GET /api/items/906,1,173,173,173,173,173,173,173,0.000%,5.78035,2.68,1.08
GET /api/items/657,1,193,193,193,193,193,193,193,0.000%,5.18135,2.40,0.97
GET /api/items/326,1,191,191,191,191,191,191,191,0.000%,5.23560,2.43,0.98
GET /api/items/992,2,174,173,176,176,176,173,176,0.000%,1.30039,0.60,0.24
PUT /api/items/286,1,196,196,196,196,196,196,196,0.000%,5.10204,2.37,1.49
PUT /api/items/481,1,187,187,187,187,187,187,187,0.000%,5.34759,2.48,1.56
GET /api/items/830,1,174,174,174,174,174,174,174,0.000%,5.74713,2.67,1.08
GET /api/items/825,1,197,197,197,197,197,197,197,0.000%,5.07614,2.35,0.95
GET /api/items/168,1,183,183,183,183,183,183,183,0.000%,5.46448,2.53,1.02
PUT /api/items/794,1,197,197,197,197,197,197,197,0.000%,5.07614,2.35,1.48
GET /api/items/970,1,175,175,175,175,175,175,175,0.000%,5.71429,2.65,1.07
PUT /api/items/546,1,182,182,182,182,182,182,182,0.000%,5.49451,2.55,1.60
PUT /api/items/614,1,183,183,183,183,183,183,183,0.000%,5.46448,2.53,1.60
GET /api/items/655,1,172,172,172,172,172,172,172,0.000%,5.81395,2.70,1.09
GET /api/items/837,1,177,177,177,177,177,177,177,0.000%,5.64972,2.62,1.06
GET /api/items/134,1,171,171,171,171,171,171,171,0.000%,5.84795,2.71,1.10
PUT /api/items/400,2,188,181,195,195,195,181,195,0.000%,2.42718,1.13,0.71
GET /api/items/468,1,178,178,178,178,178,178,178,0.000%,5.61798,2.61,1.05
PUT /api/items/048,1,192,192,192,192,192,192,192,0.000%,5.20833,2.41,1.52
PUT /api/items/181,1,214,214,214,214,214,214,214,0.000%,4.67290,2.17,1.36
GET /api/items/273,1,187,187,187,187,187,187,187,0.000%,5.34759,2.48,1.00
GET /api/items/309,1,194,194,194,194,194,194,194,0.000%,5.15464,2.39,0.97
GET /api/items/474,1,177,177,177,177,177,177,177,0.000%,5.64972,2.62,1.06
PUT /api/items/156,1,180,180,180,180,180,180,180,0.000%,5.55556,2.58,1.62
PUT /api/items/650,1,182,182,182,182,182,182,182,0.000%,5.49451,2.55,1.60
GET /api/items/374,1,169,169,169,169,169,169,169,0.000%,5.91716,2.74,1.11
GET /api/items/822,1,194,194,194,194,194,194,194,0.000%,5.15464,2.39,0.97
PUT /api/items/625,1,196,196,196,196,196,196,196,0.000%,5.10204,2.37,1.49
GET /api/items/342,1,171,171,171,171,171,171,171,0.000%,5.84795,2.71,1.10
PUT /api/items/182,1,180,180,180,180,180,180,180,0.000%,5.55556,2.58,1.62
PUT /api/items/304,1,193,193,193,193,193,193,193,0.000%,5.18135,2.40,1.51
GET /api/items/795,1,176,176,176,176,176,176,176,0.000%,5.68182,2.64,1.07
GET /api/items/779,1,187,187,187,187,187,187,187,0.000%,5.34759,2.48,1.00
GET /api/items/484,2,187,176,199,199,199,176,199,0.000%,.38059,0.18,0.07
PUT /api/items/890,1,189,189,189,189,189,189,189,0.000%,5.29101,2.45,1.54
GET /api/items/037,1,191,191,191,191,191,191,191,0.000%,5.23560,2.42,0.98
PUT /api/items/445,1,195,195,195,195,195,195,195,0.000%,5.12821,2.38,1.50
GET /api/items/437,1,172,172,172,172,172,172,172,0.000%,5.81395,2.70,1.09
GET /api/items/920,1,172,172,172,172,172,172,172,0.000%,5.81395,2.70,1.09
PUT /api/items/574,2,171,164,178,178,178,164,178,0.000%,.14429,0.07,0.04
GET /api/items/038,1,173,173,173,173,173,173,173,0.000%,5.78035,2.66,1.08
PUT /api/items/855,1,201,201,201,201,201,201,201,0.000%,4.97512,2.31,1.45
PUT /api/items/279,1,181,181,181,181,181,181,181,0.000%,5.52486,2.56,1.61
GET /api/items/386,1,190,190,190,190,190,190,190,0.000%,5.26316,2.44,0.99
GET /api/items/905,1,169,169,169,169,169,169,169,0.000%,5.91716,2.74,1.11
GET /api/items/252,2,170,168,172,172,172,168,172,0.000%,.20241,0.09,0.04
PUT /api/items/969,1,198,198,198,198,198,198,198,0.000%,5.05051,2.34,1.47
GET /api/items/453,1,173,173,173,173,173,173,173,0.000%,5.78035,2.68,1.08
PUT /api/items/727,1,196,196,196,196,196,196,196,0.000%,5.10204,2.37,1.49
PUT /api/items/899,2,171,146,197,197,197,146,197,0.000%,.13163,0.06,0.04
GET /api/items/192,2,170,164,177,177,177,164,177,0.000%,.25575,0.12,0.05
GET /api/items/401,1,175,175,175,175,175,175,175,0.000%,5.71429,2.65,1.07
GET /api/items/919,1,172,172,172,172,172,172,172,0.000%,5.81395,2.70,1.09
PUT /api/items/206,1,194,194,194,194,194,194,194,0.000%,5.15464,2.39,1.51
GET /api/items/122,1,174,174,174,174,174,174,174,0.000%,5.74713,2.67,1.08
PUT /api/items/369,1,183,183,183,183,183,183,183,0.000%,5.46448,2.53,1.60
PUT /api/items/412,1,184,184,184,184,184,184,184,0.000%,5.43478,2.52,1.59
GET /api/items/791,1,179,179,179,179,179,179,179,0.000%,5.58659,2.59,1.05
GET /api/items/547,3,179,170,199,199,199,169,199,0.000%,.26164,0.12,0.05
GET /api/items/202,1,174,174,174,174,174,174,174,0.000%,5.74713,2.67,1.08
PUT /api/items/015,1,209,209,209,209,209,209,209,0.000%,4.78469,2.21,1.40
GET /api/items/501,1,183,183,183,183,183,183,183,0.000%,5.46448,2.53,1.02
PUT /api/items/720,1,197,197,197,197,197,197,197,0.000%,5.07614,2.35,1.48
PUT /api/items/338,1,213,213,213,213,213,213,213,0.000%,4.69484,2.18,1.37
GET /api/items/114,1,175,175,175,175,175,175,175,0.000%,5.71429,2.65,1.07
GET /api/items/366,1,174,174,174,174,174,174,174,0.000%,5.74713,2.67,1.08
GET /api/items/457,1,190,190,190,190,190,190,190,0.000%,5.26316,2.44,0.99
PUT /api/items/437,1,199,199,199,199,199,199,199,0.000%,5.02513,2.33,1.47
GET /api/items/391,1,196,196,196,196,196,196,196,0.000%,5.10204,2.37,0.96
PUT /api/items/174,2,189,183,195,195,195,183,195,0.000%,2.11416,0.98,0.62
PUT /api/items/997,1,181,181,181,181,181,181,181,0.000%,5.52486,2.56,1.61
GET /api/items/499,1,171,171,171,171,171,171,171,0.000%,5.84795,2.71,1.10
GET /api/items/796,1,171,171,171,171,171,171,171,0.000%,5.84795,2.71,1.10
GET /api/items/810,1,189,189,189,189,189,189,189,0.000%,5.29101,2.45,0.99
PUT /api/items/940,1,197,197,197,197,197,197,197,0.000%,5.07614,2.35,1.48
PUT /api/items/964,2,194,191,198,198,198,191,198,0.000%,.39549,0.18,0.12
PUT /api/items/214,1,198,198,198,198,198,198,198,0.000%,5.05051,2.34,1.47
GET /api/items/291,1,189,189,189,189,189,189,189,0.000%,5.29101,2.45,0.99
GET /api/items/730,1,189,189,189,189,189,189,189,0.000%,5.29101,2.45,0.99
GET /api/items/757,1,188,188,188,188,188,188,188,0.000%,5.31915,2.47,1.00
GET /api/items/221,1,187,187,187,187,187,187,187,0.000%,5.34759,2.48,1.00
PUT /api/items/577,1,178,178,178,178,178,178,178,0.000%,5.61798,2.61,1.64
GET /api/items/097,1,171,171,171,171,171,171,171,0.000%,5.84795,2.71,1.10
GET /api/items/107,1,170,170,170,170,170,170,170,0.000%,5.88235,2.73,1.10
GET /api/items/432,1,187,187,187,187,187,187,187,0.000%,5.34759,2.48,1.00
GET /api/items/394,1,193,193,193,193,193,193,193,0.000%,5.18135,2.40,0.97
PUT /api/items/383,1,196,196,196,196,196,196,196,0.000%,5.10204,2.37,1.49
PUT /api/items/578,1,181,181,181,181,181,181,181,0.000%,5.52486,2.56,1.61
GET /api/items/948,2,173,160,186,186,186,160,186,0.000%,.37987,0.18,0.07
GET /api/items/733,1,192,192,192,192,192,192,192,0.000%,5.20833,2.42,0.98
PUT /api/items/043,1,202,202,202,202,202,202,202,0.000%,4.95050,2.29,1.45
GET /api/items/365,1,178,178,178,178,178,178,178,0.000%,5.61798,2.61,1.05
PUT /api/items/350,1,199,199,199,199,199,199,199,0.000%,5.02513,2.33,1.47
PUT /api/items/421,1,199,199,199,199,199,199,199,0.000%,5.02513,2.33,1.47
GET /api/items/994,1,180,180,180,180,180,180,180,0.000%,5.55556,2.58,1.04
GET /api/items/833,1,180,180,180,180,180,180,180,0.000%,5.55556,2.58,1.04
GET /api/items/602,1,189,189,189,189,189,189,189,0.000%,5.29101,2.45,0.99
PUT /api/items/817,1,191,191,191,191,191,191,191,0.000%,5.23560,2.43,1.53
GET /api/items/827,1,190,190,190,190,190,190,190,0.000%,5.26316,2.44,0.99
PUT /api/items/150,1,193,193,193,193,193,193,193,0.000%,5.18135,2.40,1.51
GET /api/items/428,1,187,187,187,187,187,187,187,0.000%,5.34759,2.48,1.00
GET /api/items/669,1,171,171,171,171,171,171,171,0.000%,5.84795,2.71,1.10
GET /api/items/612,1,176,176,176,176,176,176,176,0.000%,5.68182,2.64,1.07
PUT /api/items/952,1,180,180,180,180,180,180,180,0.000%,5.55556,2.58,1.62
PUT /api/items/188,1,184,184,184,184,184,184,184,0.000%,5.43478,2.52,1.59
PUT /api/items/145,1,202,202,202,202,202,202,202,0.000%,4.95050,2.30,1.45
GET /api/items/355,1,174,174,174,174,174,174,174,0.000%,5.74713,2.67,1.08
GET /api/items/080,2,171,156,187,187,187,156,187,0.000%,.38499,0.18,0.07
GET /api/items/425,1,197,197,197,197,197,197,197,0.000%,5.07614,2.35,0.95
PUT /api/items/468,1,198,198,198,198,198,198,198,0.000%,5.05051,2.34,1.47
GET /api/items/450,1,193,193,193,193,193,193,193,0.000%,5.18135,2.40,0.97
PUT /api/items/858,1,195,195,195,195,195,195,195,0.000%,5.12821,2.38,1.50
PUT /api/items/953,1,193,193,193,193,193,193,193,0.000%,5.18135,2.40,1.51
GET /api/items/957,1,169,169,169,169,169,169,169,0.000%,5.91716,2.74,1.11
GET /api/items/129,1,193,193,193,193,193,193,193,0.000%,5.18135,2.40,0.97
GET /api/items/073,1,176,176,176,176,176,176,176,0.000%,5.68182,2.63,1.07
PUT /api/items/861,1,195,195,195,195,195,195,195,0.000%,5.12821,2.38,1.50
PUT /api/items/133,1,179,179,179,179,179,179,179,0.000%,5.58659,2.59,1.63
GET /api/items/143,1,198,198,198,198,198,198,198,0.000%,5.05051,2.34,0.95
PUT /api/items/897,1,181,181,181,181,181,181,181,0.000%,5.52486,2.56,1.61
GET /api/items/753,1,178,178,178,178,178,178,178,0.000%,5.61798,2.60,1.05
GET /api/items/483,1,178,178,178,178,178,178,178,0.000%,5.61798,2.61,1.05
GET /api/items/336,1,196,196,196,196,196,196,196,0.000%,5.10204,2.37,0.96
PUT /api/items/121,1,182,182,182,182,182,182,182,0.000%,5.49451,2.55,1.60
GET /api/items/231,1,188,188,188,188,188,188,188,0.000%,5.31915,2.47,1.00
PUT /api/items/765,1,200,200,200,200,200,200,200,0.000%,5.00000,2.32,1.46
PUT /api/items/874,1,196,196,196,196,196,196,196,0.000%,5.10204,2.37,1.49
GET /api/items/101,1,175,175,175,175,175,175,175,0.000%,5.71429,2.65,1.07
GET /api/items/892,1,185,185,185,185,185,185,185,0.000%,5.40541,2.51,1.01
GET /api/items/258,1,186,186,186,186,186,186,186,0.000%,5.37634,2.49,1.01
PUT /api/items/723,1,196,196,196,196,196,196,196,0.000%,5.10204,2.37,1.49
PUT /api/items/018,1,180,180,180,180,180,180,180,0.000%,5.55556,2.57,1.62
GET /api/items/806,1,183,183,183,183,183,183,183,0.000%,5.46448,2.53,1.02
PUT /api/items/703,1,185,185,185,185,185,185,185,0.000%,5.40541,2.51,1.58
GET /api/items/197,1,193,193,193,193,193,193,193,0.000%,5.18135,2.40,0.97
GET /api/items/626,1,174,174,174,174,174,174,174,0.000%,5.74713,2.67,1.08
PUT /api/items/905,1,184,184,184,184,184,184,184,0.000%,5.43478,2.52,1.59
GET /api/items/659,2,165,142,189,189,189,142,189,0.000%,.21772,0.10,0.04
GET /api/items/427,1,174,174,174,174,174,174,174,0.000%,5.74713,2.67,1.08
PUT /api/items/571,1,183,183,183,183,183,183,183,0.000%,5.46448,2.53,1.60
PUT /api/items/867,1,194,194,194,194,194,194,194,0.000%,5.15464,2.39,1.51
GET /api/items/347,1,173,173,173,173,173,173,173,0.000%,5.78035,2.68,1.08
GET /api/items/311,1,170,170,170,170,170,170,170,0.000%,5.88235,2.73,1.10
GET /api/items/297,1,166,166,166,166,166,166,166,0.000%,6.02410,2.79,1.13
PUT /api/items/303,1,184,184,184,184,184,184,184,0.000%,5.43478,2.52,1.59
GET /api/items/178,1,181,181,181,181,181,181,181,0.000%,5.52486,2.56,1.04
PUT /api/items/619,1,198,198,198,198,198,198,198,0.000%,5.05051,2.34,1.47
GET /api/items/424,1,173,173,173,173,173,173,173,0.000%,5.78035,2.68,1.08
GET /api/items/652,1,184,184,184,184,184,184,184,0.000%,5.43478,2.52,1.02
GET /api/items/137,1,167,167,167,167,167,167,167,0.000%,5.98802,2.78,1.12
PUT /api/items/401,1,193,193,193,193,193,193,193,0.000%,5.18135,2.40,1.51
PUT /api/items/176,1,176,176,176,176,176,176,176,0.000%,5.68182,2.63,1.66
PUT /api/items/937,1,184,184,184,184,184,184,184,0.000%,5.43478,2.52,1.59
GET /api/items/780,2,161,154,168,168,168,154,168,0.000%,.27027,0.13,0.05
GET /api/items/882,1,179,179,179,179,179,179,179,0.000%,5.58659,2.59,1.05
GET /api/items/890,1,177,177,177,177,177,177,177,0.000%,5.64972,2.62,1.06
PUT /api/items/516,1,178,178,178,178,178,178,178,0.000%,5.61798,2.61,1.64
PUT /api/items/951,1,195,195,195,195,195,195,195,0.000%,5.12821,2.38,1.50
PUT /api/items/075,1,190,190,190,190,190,190,190,0.000%,5.26316,2.44,1.54
GET /api/items/248,1,178,178,178,178,178,178,178,0.000%,5.61798,2.61,1.05
PUT /api/items/813,1,170,170,170,170,170,170,170,0.000%,5.88235,2.73,1.72
GET /api/items/409,1,181,181,181,181,181,181,181,0.000%,5.52486,2.56,1.04
PUT /api/items/258,1,186,186,186,186,186,186,186,0.000%,5.37634,2.49,1.57
PUT /api/items/791,1,159,159,159,159,159,159,159,0.000%,6.28931,2.92,1.84
GET /api/items/548,1,152,152,152,152,152,152,152,0.000%,6.57895,3.05,1.23
GET /api/items/717,1,151,151,151,151,151,151,151,0.000%,6.62252,3.07,1.24
GET /api/items/169,2,149,147,152,152,152,147,152,0.000%,.78647,0.36,0.15
PUT /api/items/540,1,179,179,179,179,179,179,179,0.000%,5.58659,2.59,1.63
GET /api/items/219,1,167,167,167,167,167,167,167,0.000%,5.98802,2.78,1.12
PUT /api/items/871,1,182,182,182,182,182,182,182,0.000%,5.49451,2.55,1.60
GET /api/items/510,1,154,154,154,154,154,154,154,0.000%,6.49351,3.01,1.22
PUT /api/items/423,1,181,181,181,181,181,181,181,0.000%,5.52486,2.56,1.61
GET /api/items/631,1,170,170,170,170,170,170,170,0.000%,5.88235,2.73,1.10
GET /api/items/166,1,163,163,163,163,163,163,163,0.000%,6.13497,2.85,1.15
PUT /api/items/183,1,175,175,175,175,175,175,175,0.000%,5.71429,2.65,1.67
PUT /api/items/378,1,178,178,178,178,178,178,178,0.000%,5.61798,2.61,1.64
PUT /api/items/382,1,179,179,179,179,179,179,179,0.000%,5.58659,2.59,1.63
GET /api/items/090,1,173,173,173,173,173,173,173,0.000%,5.78035,2.68,1.08
PUT /api/items/683,1,183,183,183,183,183,183,183,0.000%,5.46448,2.53,1.60
PUT /api/items/654,1,171,171,171,171,171,171,171,0.000%,5.84795,2.71,1.71
GET /api/items/059,1,151,151,151,151,151,151,151,0.000%,6.62252,3.06,1.24
PUT /api/items/201,1,162,162,162,162,162,162,162,0.000%,6.17284,2.86,1.80
GET /api/items/739,1,173,173,173,173,173,173,173,0.000%,5.78035,2.68,1.08
GET /api/items/241,1,172,172,172,172,172,172,172,0.000%,5.81395,2.69,1.09
PUT /api/items/600,1,161,161,161,161,161,161,161,0.000%,6.21118,2.89,1.81
PUT /api/items/051,1,158,158,158,158,158,158,158,0.000%,6.32911,2.93,1.85
GET /api/items/763,1,153,153,153,153,153,153,153,0.000%,6.53595,3.03,1.23
PUT /api/items/866,1,180,180,180,180,180,180,180,0.000%,5.55556,2.58,1.62
GET /api/items/146,1,172,172,172,172,172,172,172,0.000%,5.81395,2.70,1.09
GET /api/items/154,1,160,160,160,160,160,160,160,0.000%,6.25000,2.90,1.17
PUT /api/items/277,1,155,155,155,155,155,155,155,0.000%,6.45161,2.99,1.88
PUT /api/items/092,1,181,181,181,181,181,181,181,0.000%,5.52486,2.56,1.61
GET /api/items/553,1,182,182,182,182,182,182,182,0.000%,5.49451,2.55,1.03
PUT /api/items/326,1,182,182,182,182,182,182,182,0.000%,5.49451,2.54,1.60
GET /api/items/384,1,156,156,156,156,156,156,156,0.000%,6.41026,2.97,1.20
PUT /api/items/235,1,156,156,156,156,156,156,156,0.000%,6.41026,2.97,1.87
GET /api/items/941,1,172,172,172,172,172,172,172,0.000%,5.81395,2.70,1.09
GET /api/items/947,1,166,166,166,166,166,166,166,0.000%,6.02410,2.79,1.13
PUT /api/items/587,1,156,156,156,156,156,156,156,0.000%,6.41026,2.97,1.87
PUT /api/items/023,1,157,157,157,157,157,157,157,0.000%,6.36943,2.94,1.86
GET /api/items/108,1,171,171,171,171,171,171,171,0.000%,5.84795,2.71,1.10
PUT /api/items/262,1,151,151,151,151,151,151,151,0.000%,6.62252,3.07,1.93
GET /api/items/389,1,147,147,147,147,147,147,147,0.000%,6.80272,3.16,1.28
PUT /api/items/283,1,158,158,158,158,158,158,158,0.000%,6.32911,2.93,1.85
PUT /api/items/108,1,163,163,163,163,163,163,163,0.000%,6.13497,2.85,1.79
GET /api/items/900,1,165,165,165,165,165,165,165,0.000%,6.06061,2.82,1.14
GET /api/items/303,1,156,156,156,156,156,156,156,0.000%,6.41026,2.97,1.20
GET /api/items/230,1,142,142,142,142,142,142,142,0.000%,7.04225,3.27,1.32
PUT /api/items/009,1,150,150,150,150,150,150,150,0.000%,6.66667,3.08,1.95
GET /api/items/235,1,137,137,137,137,137,137,137,0.000%,7.29927,3.38,1.37
PUT /api/items/972,1,161,161,161,161,161,161,161,0.000%,6.21118,2.88,1.81
GET /api/items/076,1,136,136,136,136,136,136,136,0.000%,7.35294,3.40,1.38
GET /api/items/640,1,133,133,133,133,133,133,133,0.000%,7.51880,3.50,1.41
PUT /api/items/321,1,139,139,139,139,139,139,139,0.000%,7.19424,3.34,2.10
GET /api/items/978,1,135,135,135,135,135,135,135,0.000%,7.40741,3.18,1.39
PUT /api/items/205,1,162,162,162,162,162,162,162,0.000%,6.17284,2.86,1.80
TOTAL,1000,211,201,264,270,282,133,364,0.000%,33.92706,2653.34,7.38
